Count,Tradelist Count,Name,Edition,Card Number,Condition,Language,Foil,Signed,Artist Proof,Altered Art,Misprint,Promo,Textless,My Price
2,0,Aberrant Researcher,Shadows over Innistrad,49,Near Mint,English,,,,,,,,
1,0,Accursed Witch,Shadows over Innistrad,97,Near Mint,English,,,,,,,,
1,0,Act of Treason,Magic Origins,129,Near Mint,English,,,,,,,,
1,0,Aegis Angel,Magic Origins,273,Near Mint,English,,,,,,,,
1,0,Affa Guard Hound,Duel Decks: Zendikar vs. Eldrazi,2,Near Mint,English,,,,,,,,
1,0,Aggressive Mammoth,Core Set 2019,302,Near Mint,English,,,,,,,,
1,0,Aim High,Shadows over Innistrad,193,Near Mint,English,foil,,,,,,,
2,0,Aim High,Shadows over Innistrad,193,Near Mint,English,,,,,,,,
1,0,Ainok Guide,Fate Reforged,121,Near Mint,English,,,,,,,,
1,0,Akroan Sergeant,Magic Origins,130,Near Mint,English,,,,,,,,
1,0,Alabaster Kirin,Khans of Tarkir,4,Near Mint,English,,,,,,,,
4,0,Alms of the Vein,Shadows over Innistrad,98,Near Mint,English,,,,,,,,
1,0,Altar's Reap,Battle for Zendikar,103,Near Mint,English,,,,,,,,
1,0,Altered Ego,Shadows over Innistrad,241,Near Mint,English,,,,,,,,
1,0,Ambush Krotiq,Fate Reforged,122,Near Mint,English,,,,,,,,
1,0,Ampryn Tactician,Magic Origins,2,Near Mint,English,,,,,,,,
1,0,Ancestral Vengeance,Fate Reforged,61,Near Mint,English,,,,,,,,
4,0,Angelic Purge,Shadows over Innistrad,3,Near Mint,English,,,,,,,,
1,0,Anguished Unmaking,Shadows over Innistrad,242,Near Mint,English,,,,,,,,
1,0,Anticipate,Dragons of Tarkir,45,Near Mint,English,,,,,,,,
3,0,Apothecary Geist,Shadows over Innistrad,4,Near Mint,English,,,,,,,,
4,0,Aquitect's Will,Duel Decks: Merfolk vs. Goblins,2,Near Mint,English,,,,,,,,
1,0,Arc Lightning,Khans of Tarkir,97,Near Mint,English,,,,,,,,
1,0,Armament of Nyx,Journey into Nyx,4,Near Mint,English,,,,,,,,
2,0,Artful Maneuver,Dragons of Tarkir,4,Near Mint,English,,,,,,,,
1,0,Artificer's Epiphany,Duel Decks: Elves vs. Inventors,36,Near Mint,English,,,,,,,,
1,0,Artificer's Epiphany,Magic Origins,45,Near Mint,English,,,,,,,,
1,0,Artisan of Kozilek,Duel Decks: Zendikar vs. Eldrazi,42,Near Mint,English,,,,,,,,
1,0,Aspiring Aeronaut,Magic Origins,46,Near Mint,English,,,,,,,,
1,0,Asylum Visitor,Shadows over Innistrad,99,Near Mint,English,,,,,,,,
1,0,Atarka Pummeler,Dragons of Tarkir,129,Near Mint,English,,,,,,,,
1,0,Auramancer,Magic Origins,5,Near Mint,English,,,,,,,,
1,0,Autumnal Gloom,Shadows over Innistrad,194,Near Mint,English,,,,,,,,
1,0,Avacyn's Judgment,Shadows over Innistrad,145,Near Mint,English,,,,,,,,
1,0,Avacynian Missionaries,Shadows over Innistrad,6,Near Mint,English,,,,,,,,
1,0,Aven Skirmisher,Fate Reforged,6,Near Mint,English,,,,,,,,
1,0,Aven Surveyor,Fate Reforged,31,Near Mint,English,,,,,,,,
1,0,Avenger of Zendikar,Duel Decks: Zendikar vs. Eldrazi,1,Near Mint,English,,,,,,,,
4,0,Azorius Guildgate,Modern Masters 2017 Edition,230,Near Mint,English,,,,,,,,
1,0,Barrage of Boulders,Khans of Tarkir,100,Near Mint,English,,,,,,,,
1,0,Barrage Ogre,Duel Decks: Elves vs. Inventors,44,Near Mint,English,,,,,,,,
1,0,Barrage Tyrant,Battle for Zendikar,127,Near Mint,English,,,,,,,,
1,0,Bathe in Dragonfire,Fate Reforged,92,Near Mint,English,,,,,,,,
1,0,Battle Mastery,Dragons of Tarkir,7,Near Mint,English,,,,,,,,
1,0,Battle Squadron,Duel Decks: Merfolk vs. Goblins,33,Near Mint,English,,,,,,,,
1,0,Beastbreaker of Bala Ged,Duel Decks: Zendikar vs. Eldrazi,10,Near Mint,English,,,,,,,,
3,0,Behind the Scenes,Shadows over Innistrad,100,Near Mint,English,,,,,,,,
1,0,Behold the Beyond,Shadows over Innistrad,101,Near Mint,English,,,,,,,,
1,0,Belligerent Whiptail,Battle for Zendikar,141,Near Mint,English,,,,,,,,
1,0,Biting Rain,Shadows over Innistrad,102,Near Mint,English,,,,,,,,
1,0,Blightcaster,Magic Origins,85,Near Mint,English,,,,,,,,
1,0,Blighted Cataract,Duel Decks: Merfolk vs. Goblins,26,Near Mint,English,,,,,,,,
1,0,Blighted Fen,Battle for Zendikar,230,Near Mint,English,,,,,,,,
2,0,Blighted Gorge,Duel Decks: Merfolk vs. Goblins,58,Near Mint,English,,,,,,,,
1,0,Blood-Cursed Knight,Magic Origins,211,Near Mint,English,,,,,,,,
3,0,Bloodmad Vampire,Shadows over Innistrad,146,Near Mint,English,,,,,,,,
1,0,Bloodrite Invoker,Duel Decks: Zendikar vs. Eldrazi,45,Near Mint,English,,,,,,,,
1,0,Bloodthrone Vampire,Duel Decks: Zendikar vs. Eldrazi,46,Near Mint,English,,,,,,,,
2,0,Boggart Brute,Duel Decks: Merfolk vs. Goblins,34,Near Mint,English,,,,,,,,
4,0,Boros Guildgate,Commander Anthology Volume II,240,Near Mint,English,,,,,,,,
1,0,Briarbridge Patrol,Shadows over Innistrad,195,Near Mint,English,foil,,,,,,,
2,0,Brilliant Spectrum,Battle for Zendikar,70,Near Mint,English,,,,,,,,
1,0,Bristling Boar,Core Set 2019,170,Near Mint,English,,,,,,,,
1,0,Brittle Effigy,Duel Decks: Merfolk vs. Goblins,56,Near Mint,English,,,,,,,,
2,0,Broken Concentration,Shadows over Innistrad,50,Near Mint,English,,,,,,,,
2,0,Brute Strength,Duel Decks: Merfolk vs. Goblins,35,Near Mint,English,,,,,,,,
1,0,Burn from Within,Shadows over Innistrad,148,Near Mint,English,,,,,,,,
1,0,Butcher of Malakir,Duel Decks: Zendikar vs. Eldrazi,47,Near Mint,English,,,,,,,,
2,0,Byway Courier,Shadows over Innistrad,196,Near Mint,English,foil,,,,,,,
1,0,Cadaver Imp,Duel Decks: Zendikar vs. Eldrazi,48,Near Mint,English,,,,,,,,
2,0,Call the Bloodline,Shadows over Innistrad,103,Near Mint,English,,,,,,,,
2,0,Caravan Escort,Duel Decks: Zendikar vs. Eldrazi,3,Near Mint,English,,,,,,,,
2,0,Catalog,Shadows over Innistrad,51,Near Mint,English,,,,,,,,
3,0,Cathar's Companion,Shadows over Innistrad,9,Near Mint,English,,,,,,,,
1,0,Celestial Flare,Magic Origins,8,Near Mint,English,,,,,,,,
1,0,Centaur Courser,Core Set 2019,171,Near Mint,English,,,,,,,,
4,0,Chaplain's Blessing,Shadows over Innistrad,10,Near Mint,English,,,,,,,,
1,0,Circle of Elders,Dragons of Tarkir,176,Near Mint,English,,,,,,,,
1,0,Citadel Castellan,Magic Origins,213,Near Mint,English,,,,,,,,
2,0,Claustrophobia,Duel Decks: Merfolk vs. Goblins,3,Near Mint,English,,,,,,,,
1,0,Claustrophobia,Magic Origins,50,Near Mint,English,,,,,,,,
1,0,Cleaver Riot,Duel Decks: Merfolk vs. Goblins,36,Near Mint,English,,,,,,,,
3,0,Clip Wings,Shadows over Innistrad,197,Near Mint,English,,,,,,,,
1,0,Cloud Manta,Battle for Zendikar,71,Near Mint,English,,,,,,,,
1,0,Coastal Discovery,Battle for Zendikar,73,Near Mint,English,,,,,,,,
1,0,Coat with Venom,Dragons of Tarkir,91,Near Mint,English,,,,,,,,
1,0,Cold-Eyed Selkie,Duel Decks: Merfolk vs. Goblins,25,Near Mint,English,,,,,,,,
1,0,Colossal Dreadmaw,Core Set 2019,172,Near Mint,English,,,,,,,,
2,0,Colossodon Yearling,Dragons of Tarkir,178,Near Mint,English,,,,,,,,
1,0,Compelling Deterrence,Shadows over Innistrad,52,Near Mint,English,,,,,,,,
1,0,Complete Disregard,Battle for Zendikar,90,Near Mint,English,,,,,,,,
1,0,Concentrate,Duel Decks: Merfolk vs. Goblins,4,Near Mint,English,,,,,,,,
1,0,Confirm Suspicions,Shadows over Innistrad,53,Near Mint,English,,,,,,,,
1,0,Confront the Unknown,Shadows over Innistrad,198,Near Mint,English,,,,,,,,
1,0,Consume the Meek,Duel Decks: Zendikar vs. Eldrazi,49,Near Mint,English,,,,,,,,
1,0,Corpsehatch,Duel Decks: Zendikar vs. Eldrazi,50,Near Mint,English,,,,,,,,
1,0,Crawling Sensation,Shadows over Innistrad,199,Near Mint,English,foil,,,,,,,
1,0,Creeping Dread,Shadows over Innistrad,104,Near Mint,English,,,,,,,,
3,0,Crow of Dark Tidings,Shadows over Innistrad,105,Near Mint,English,,,,,,,,
1,0,Cruel Feeding,Journey into Nyx,64,Near Mint,English,,,,,,,,
1,0,Crystalline Nautilus,Journey into Nyx,34,Near Mint,English,,,,,,,,
3,0,Culling Drone,Battle for Zendikar,91,Near Mint,English,,,,,,,,
1,0,Cult of the Waxing Moon,Shadows over Innistrad,201,Near Mint,English,foil,,,,,,,
1,0,Daggerback Basilisk,Duel Decks: Zendikar vs. Eldrazi,11,Near Mint,English,,,,,,,,
1,0,Dance with Devils,Shadows over Innistrad,150,Near Mint,English,,,,,,,,
1,0,Darksteel Citadel,Commander Anthology Volume II,243,Near Mint,English,,,,,,,,
1,0,Darksteel Plate,Duel Decks: Elves vs. Inventors,52,Near Mint,English,,,,,,,,
3,0,Dauntless Cathar,Shadows over Innistrad,11,Near Mint,English,,,,,,,,
3,0,Dead Weight,Shadows over Innistrad,106,Near Mint,English,,,,,,,,
1,0,Deadbridge Shaman,Magic Origins,91,Near Mint,English,,,,,,,,
1,0,Deathcap Cultivator,Shadows over Innistrad,202,Near Mint,English,,,,,,,,
2,0,Debilitating Injury,Khans of Tarkir,68,Near Mint,English,,,,,,,,
1,0,Deny Existence,Shadows over Innistrad,55,Near Mint,English,,,,,,,,
2,0,Devilthorn Fox,Shadows over Innistrad,14,Near Mint,English,,,,,,,,
1,0,Dictate of Karametra,Journey into Nyx,121,Near Mint,English,,,,,,,,
1,0,Diregraf Colossus,Shadows over Innistrad,107,Near Mint,English,,,,,,,,
1,0,Disdainful Stroke,Khans of Tarkir,37,Near Mint,English,,,,,,,,
4,0,Dismal Backwater,Commander 2017,246,Near Mint,English,,,,,,,,
2,0,Dissension in the Ranks,Shadows over Innistrad,152,Near Mint,English,,,,,,,,
1,0,Divine Verdict,Magic Origins,274,Near Mint,English,,,,,,,,
4,0,Dominator Drone,Duel Decks: Zendikar vs. Eldrazi,51,Near Mint,English,,,,,,,,
1,0,Dragon Fodder,Magic Origins,140,Near Mint,English,,,,,,,,
1,0,Dragon Grip,Khans of Tarkir,107,Near Mint,English,,,,,,,,
1,0,Dragonlord Kolaghan,Dragons of Tarkir,218,Near Mint,English,,,,,,,,
1,0,Dragonscale Boon,Khans of Tarkir,131,Near Mint,English,,,,,,,,
1,0,Drana's Emissary,Battle for Zendikar,210,Near Mint,English,,,,,,,,
4,0,Drownyard Explorers,Shadows over Innistrad,56,Near Mint,English,,,,,,,,
1,0,Drunau Corpse Trawler,Shadows over Innistrad,57,Near Mint,English,,,,,,,,
2,0,Dual Shot,Shadows over Innistrad,153,Near Mint,English,,,,,,,,
1,0,Duskwatch Recruiter,Shadows over Innistrad,203,Near Mint,English,foil,,,,,,,
1,0,Dutiful Return,Battle for Zendikar,110,Near Mint,English,,,,,,,,
1,0,Dwarven Priest,Core Set 2019,11,Near Mint,English,,,,,,,,
2,0,Dwynen's Elite,Duel Decks: Elves vs. Inventors,3,Near Mint,English,,,,,,,,
1,0,"Dwynen, Gilt-Leaf Daen",Duel Decks: Elves vs. Inventors,2,Near Mint,English,,,,,,,,
1,0,Eagle of the Watch,Magic Origins,275,Near Mint,English,,,,,,,,
1,0,Eerie Interlude,Shadows over Innistrad,16,Near Mint,English,,,,,,,,
1,0,Elusive Spellfist,Dragons of Tarkir,53,Near Mint,English,,,,,,,,
1,0,Elvish Aberration,Duel Decks: Elves vs. Inventors,4,Near Mint,English,,,,,,,,
1,0,Elvish Archdruid,Duel Decks: Elves vs. Inventors,5,Near Mint,English,,,,,,,,
2,0,Elvish Branchbender,Duel Decks: Elves vs. Inventors,6,Near Mint,English,,,,,,,,
2,0,Elvish Mystic,Duel Decks: Elves vs. Inventors,7,Near Mint,English,,,,,,,,
1,0,Elvish Vanguard,Duel Decks: Elves vs. Inventors,8,Near Mint,English,,,,,,,,
1,0,Elvish Visionary,Magic Origins,175,Near Mint,English,,,,,,,,
1,0,Ember Hauler,Duel Decks: Merfolk vs. Goblins,37,Near Mint,English,,,,,,,,
2,0,Ember-Eye Wolf,Shadows over Innistrad,154,Near Mint,English,,,,,,,,
2,0,Emissary of the Sleepless,Shadows over Innistrad,17,Near Mint,English,,,,,,,,
3,0,Emrakul's Hatcher,Duel Decks: Zendikar vs. Eldrazi,59,Near Mint,English,,,,,,,,
1,0,Engulf the Shore,Duel Decks: Merfolk vs. Goblins,5,Near Mint,English,,,,,,,,
2,0,Engulf the Shore,Shadows over Innistrad,58,Near Mint,English,,,,,,,,
1,0,Epitaph Golem,Shadows over Innistrad,254,Near Mint,English,,,,,,,,
1,0,Equestrian Skill,Shadows over Innistrad,204,Near Mint,English,,,,,,,,
1,0,Equestrian Skill,Shadows over Innistrad,204,Near Mint,English,foil,,,,,,,
1,0,Erase,Khans of Tarkir,9,Near Mint,English,,,,,,,,
2,0,Erdwal Illuminator,Shadows over Innistrad,60,Near Mint,English,,,,,,,,
2,0,Essence Flux,Shadows over Innistrad,61,Near Mint,English,,,,,,,,
2,0,Essence Scatter,Duel Decks: Merfolk vs. Goblins,6,Near Mint,English,,,,,,,,
2,0,Ethereal Guidance,Shadows over Innistrad,18,Near Mint,English,,,,,,,,
1,0,Ever After,Shadows over Innistrad,109,Near Mint,English,,,,,,,,
30,0,Evolving Wilds,Commander Anthology Volume II,249,Near Mint,English,,,,,,,,
1,0,Explorer's Scope,Duel Decks: Zendikar vs. Eldrazi,28,Near Mint,English,,,,,,,,
3,0,Explosive Apparatus,Shadows over Innistrad,255,Near Mint,English,,,,,,,,
3,0,Expose Evil,Shadows over Innistrad,19,Near Mint,English,,,,,,,,
2,0,Ezuri's Archers,Duel Decks: Elves vs. Inventors,9,Near Mint,English,,,,,,,,
1,0,"Ezuri, Renegade Leader",Duel Decks: Elves vs. Inventors,1,Near Mint,English,,,,,,,,
1,0,Faerie Miscreant,Magic Origins,57,Near Mint,English,,,,,,,,
1,0,Falkenrath Gorger,Shadows over Innistrad,155,Near Mint,English,,,,,,,,
3,0,Farbog Revenant,Shadows over Innistrad,110,Near Mint,English,,,,,,,,
1,0,Feat of Resistance,Khans of Tarkir,10,Near Mint,English,,,,,,,,
2,0,Fetid Imp,Magic Origins,97,Near Mint,English,,,,,,,,
1,0,Fierce Empath,Duel Decks: Elves vs. Inventors,10,Near Mint,English,,,,,,,,
1,0,Fiery Hellhound,Magic Origins,284,Near Mint,English,,,,,,,,
3,0,Fiery Temper,Shadows over Innistrad,156,Near Mint,English,,,,,,,,
2,0,Filigree Familiar,Duel Decks: Elves vs. Inventors,53,Near Mint,English,,,,,,,,
1,0,Flameblade Angel,Shadows over Innistrad,157,Near Mint,English,,,,,,,,
1,0,Flatten,Dragons of Tarkir,100,Near Mint,English,,,,,,,,
1,0,Fleeting Memories,Shadows over Innistrad,62,Near Mint,English,,,,,,,,
1,0,Flesh to Dust,Magic Origins,280,Near Mint,English,,,,,,,,
1,0,Font of Fertility,Journey into Nyx,123,Near Mint,English,,,,,,,,
2,0,Forerunner of Slaughter,Duel Decks: Zendikar vs. Eldrazi,64,Near Mint,English,,,,,,,,
1,0,Forerunner of Slaughter,Battle for Zendikar,204,Near Mint,English,,,,,,,,
100,0,Forest,Dominaria,268,Near Mint,English,,,,,,,,
2,0,Forgotten Cave,Duel Decks: Merfolk vs. Goblins,59,Near Mint,English,,,,,,,,
1,0,Forgotten Creation,Shadows over Innistrad,63,Near Mint,English,,,,,,,,
3,0,Fork in the Road,Shadows over Innistrad,205,Near Mint,English,,,,,,,,
2,0,Forked Bolt,Duel Decks: Zendikar vs. Eldrazi,60,Near Mint,English,,,,,,,,
1,0,Fortified Rampart,Battle for Zendikar,27,Near Mint,English,,,,,,,,
1,0,Fortified Village,Shadows over Innistrad,274,Near Mint,English,,,,,,,,
1,0,Foundry of the Consuls,Duel Decks: Elves vs. Inventors,66,Near Mint,English,,,,,,,,
2,0,Foundry Street Denizen,Duel Decks: Merfolk vs. Goblins,38,Near Mint,English,,,,,,,,
1,0,Friendly Fire,Fate Reforged,101,Near Mint,English,,,,,,,,
1,0,Frontier Guide,Duel Decks: Zendikar vs. Eldrazi,12,Near Mint,English,,,,,,,,
1,0,Frontier Mastodon,Fate Reforged,130,Near Mint,English,,,,,,,,
1,0,Frost Walker,Fate Reforged,35,Near Mint,English,,,,,,,,
2,0,Furtive Homunculus,Shadows over Innistrad,64,Near Mint,English,,,,,,,,
2,0,Galvanic Blast,Duel Decks: Elves vs. Inventors,45,Near Mint,English,,,,,,,,
2,0,Game Trail,Shadows over Innistrad,276,Near Mint,English,,,,,,,,
2,0,Gatstaf Arsonists,Shadows over Innistrad,158,Near Mint,English,,,,,,,,
1,0,Geistblast,Shadows over Innistrad,160,Near Mint,English,,,,,,,,
1,0,Gempalm Incinerator,Duel Decks: Merfolk vs. Goblins,39,Near Mint,English,,,,,,,,
1,0,Geyserfield Stalker,Battle for Zendikar,111,Near Mint,English,,,,,,,,
1,0,Ghastbark Twins,Core Set 2019,181,Near Mint,English,,,,,,,,
1,0,Ghirapur Gearcrafter,Duel Decks: Elves vs. Inventors,46,Near Mint,English,,,,,,,,
3,0,Ghostfire,Duel Decks: Merfolk vs. Goblins,40,Near Mint,English,,,,,,,,
2,0,Ghostly Wings,Shadows over Innistrad,66,Near Mint,English,,,,,,,,
4,0,Ghoulcaller's Accomplice,Shadows over Innistrad,112,Near Mint,English,,,,,,,,
1,0,Giant Spider,Core Set 2019,183,Near Mint,English,,,,,,,,
1,0,Gibbering Fiend,Shadows over Innistrad,161,Near Mint,English,,,,,,,,
1,0,Gisa's Bidding,Shadows over Innistrad,114,Near Mint,English,,,,,,,,
1,0,Gladehart Cavalry,Duel Decks: Elves vs. Inventors,11,Near Mint,English,,,,,,,,
1,0,Goblin Charbelcher,Duel Decks: Merfolk vs. Goblins,57,Near Mint,English,,,,,,,,
1,0,Goblin Chieftain,Duel Decks: Merfolk vs. Goblins,41,Near Mint,English,,,,,,,,
1,0,Goblin Diplomats,Duel Decks: Merfolk vs. Goblins,42,Near Mint,English,,,,,,,,
1,0,Goblin Glory Chaser,Duel Decks: Merfolk vs. Goblins,43,Near Mint,English,,,,,,,,
1,0,Goblin Goon,Duel Decks: Merfolk vs. Goblins,44,Near Mint,English,,,,,,,,
1,0,Goblin Grenade,Duel Decks: Merfolk vs. Goblins,45,Near Mint,English,,,,,,,,
1,0,Goblin Rabblemaster,Duel Decks: Merfolk vs. Goblins,46,Near Mint,English,,,,,,,,
1,0,Goblin Razerunners,Duel Decks: Merfolk vs. Goblins,47,Near Mint,English,,,,,,,,
2,0,Goblin Ringleader,Duel Decks: Merfolk vs. Goblins,48,Near Mint,English,,,,,,,,
1,0,Goblin Tunneler,Duel Decks: Merfolk vs. Goblins,49,Near Mint,English,,,,,,,,
2,0,Goblin Wardriver,Duel Decks: Merfolk vs. Goblins,50,Near Mint,English,,,,,,,,
1,0,Goblin Welder,Duel Decks: Elves vs. Inventors,35,Near Mint,English,,,,,,,,
1,0,Godhunter Octopus,Journey into Nyx,39,Near Mint,English,,,,,,,,
4,0,Golgari Guildgate,Modern Masters 2017 Edition,235,Near Mint,English,,,,,,,,
3,0,Gone Missing,Shadows over Innistrad,67,Near Mint,English,,,,,,,,
1,0,Gore Swine,Fate Reforged,103,Near Mint,English,,,,,,,,
1,0,Graf Mole,Shadows over Innistrad,207,Near Mint,English,foil,,,,,,,
1,0,Graf Mole,Shadows over Innistrad,207,Near Mint,English,,,,,,,,
2,0,Graypelt Hunter,Duel Decks: Zendikar vs. Eldrazi,13,Near Mint,English,,,,,,,,
1,0,Grazing Gladehart,Duel Decks: Zendikar vs. Eldrazi,14,Near Mint,English,,,,,,,,
1,0,Great Furnace,Commander Anthology Volume II,255,Near Mint,English,,,,,,,,
2,0,Grim Contest,Fate Reforged,153,Near Mint,English,,,,,,,,
1,0,Grip of Desolation,Battle for Zendikar,94,Near Mint,English,,,,,,,,
3,0,Grotesque Mutation,Shadows over Innistrad,115,Near Mint,English,,,,,,,,
1,0,Groundskeeper,Shadows over Innistrad,208,Near Mint,English,foil,,,,,,,
1,0,Groundswell,Duel Decks: Zendikar vs. Eldrazi,15,Near Mint,English,,,,,,,,
1,0,Gryff's Boon,Shadows over Innistrad,20,Near Mint,English,,,,,,,,
1,0,Gurmag Drowner,Dragons of Tarkir,57,Near Mint,English,,,,,,,,
1,0,Hand of Silumgar,Dragons of Tarkir,105,Near Mint,English,,,,,,,,
1,0,Harbinger of the Tides,Duel Decks: Merfolk vs. Goblins,7,Near Mint,English,,,,,,,,
1,0,Hardened Berserker,Dragons of Tarkir,139,Near Mint,English,,,,,,,,
1,0,Harness the Storm,Shadows over Innistrad,163,Near Mint,English,,,,,,,,
1,0,Harrow,Duel Decks: Zendikar vs. Eldrazi,16,Near Mint,English,,,,,,,,
1,0,Harvest Hand,Shadows over Innistrad,256,Near Mint,English,,,,,,,,
1,0,Haunted Cloak,Shadows over Innistrad,257,Near Mint,English,,,,,,,,
2,0,Heartstabber Mosquito,Duel Decks: Zendikar vs. Eldrazi,52,Near Mint,English,,,,,,,,
1,0,Heir of Falkenrath,Shadows over Innistrad,116,Near Mint,English,,,,,,,,
1,0,Heir of the Wilds,Khans of Tarkir,134,Near Mint,English,,,,,,,,
1,0,Hellion Eruption,Duel Decks: Zendikar vs. Eldrazi,61,Near Mint,English,,,,,,,,
1,0,Herald of Faith,Core Set 2019,13,Near Mint,English,,,,,,,,
2,0,Hermit of the Natterknolls,Shadows over Innistrad,209,Near Mint,English,foil,,,,,,,
1,0,Highland Game,Core Set 2019,188,Near Mint,English,,,,,,,,
4,0,Highland Lake,Core Set 2019,252,Near Mint,English,,,,,,,,
2,0,Hinterland Logger,Shadows over Innistrad,210,Near Mint,English,,,,,,,,
1,0,Hinterland Logger,Shadows over Innistrad,210,Near Mint,English,foil,,,,,,,
1,0,Hitchclaw Recluse,Magic Origins,181,Near Mint,English,,,,,,,,
1,0,Hooded Assassin,Fate Reforged,73,Near Mint,English,,,,,,,,
2,0,Hope Against Hope,Shadows over Innistrad,22,Near Mint,English,,,,,,,,
1,0,Hordeling Outburst,Duel Decks: Merfolk vs. Goblins,51,Near Mint,English,,,,,,,,
3,0,Hound of the Farbogs,Shadows over Innistrad,117,Near Mint,English,,,,,,,,
1,0,Howlpack Resurgence,Shadows over Innistrad,211,Near Mint,English,,,,,,,,
2,0,Howlpack Wolf,Shadows over Innistrad,164,Near Mint,English,,,,,,,,
3,0,Hulking Devil,Shadows over Innistrad,165,Near Mint,English,,,,,,,,
1,0,Humble the Brute,Shadows over Innistrad,23,Near Mint,English,,,,,,,,
2,0,Ichor Wellspring,Duel Decks: Elves vs. Inventors,54,Near Mint,English,,,,,,,,
1,0,Incorrigible Youths,Shadows over Innistrad,166,Near Mint,English,,,,,,,,
1,0,Induce Despair,Duel Decks: Zendikar vs. Eldrazi,53,Near Mint,English,,,,,,,,
1,0,Indulgent Aristocrat,Shadows over Innistrad,118,Near Mint,English,,,,,,,,
1,0,Infernal Scarring,Magic Origins,102,Near Mint,English,,,,,,,,
1,0,Infuse with the Elements,Battle for Zendikar,175,Near Mint,English,,,,,,,,
1,0,Inkfathom Divers,Duel Decks: Merfolk vs. Goblins,8,Near Mint,English,,,,,,,,
1,0,Inner Struggle,Shadows over Innistrad,167,Near Mint,English,,,,,,,,
4,0,Inquisitor's Ox,Shadows over Innistrad,24,Near Mint,English,,,,,,,,
2,0,Insolent Neonate,Shadows over Innistrad,168,Near Mint,English,,,,,,,,
1,0,Inspired Charge,Core Set 2019,15,Near Mint,English,,,,,,,,
3,0,Inspiring Captain,Shadows over Innistrad,25,Near Mint,English,,,,,,,,
1,0,Into the Void,Magic Origins,277,Near Mint,English,,,,,,,,
2,0,Intrepid Provisioner,Shadows over Innistrad,213,Near Mint,English,foil,,,,,,,
1,0,Intrepid Provisioner,Shadows over Innistrad,213,Near Mint,English,,,,,,,,
2,0,Invasive Surgery,Shadows over Innistrad,68,Near Mint,English,,,,,,,,
1,0,Inventor's Goggles,Duel Decks: Elves vs. Inventors,55,Near Mint,English,,,,,,,,
100,0,Island,Dominaria,254,Near Mint,English,,,,,,,,
1,0,It That Betrays,Duel Decks: Zendikar vs. Eldrazi,43,Near Mint,English,,,,,,,,
2,0,Ivy Lane Denizen,Duel Decks: Elves vs. Inventors,12,Near Mint,English,,,,,,,,
3,0,Jace's Scrutiny,Shadows over Innistrad,70,Near Mint,English,,,,,,,,
2,0,Jagged-Scar Archers,Duel Decks: Elves vs. Inventors,13,Near Mint,English,,,,,,,,
1,0,Jeskai Sage,Fate Reforged,38,Near Mint,English,,,,,,,,
1,0,Jeskai Student,Khans of Tarkir,14,Near Mint,English,,,,,,,,
1,0,Joraga Bard,Duel Decks: Zendikar vs. Eldrazi,17,Near Mint,English,,,,,,,,
3,0,Just the Wind,Shadows over Innistrad,71,Near Mint,English,,,,,,,,
1,0,Kabira Vindicator,Duel Decks: Zendikar vs. Eldrazi,4,Near Mint,English,,,,,,,,
2,0,Kessig Dire Swine,Shadows over Innistrad,214,Near Mint,English,,,,,,,,
1,0,Kessig Dire Swine,Shadows over Innistrad,214,Near Mint,English,foil,,,,,,,
1,0,Khalni Heart Expedition,Duel Decks: Zendikar vs. Eldrazi,18,Near Mint,English,,,,,,,,
1,0,Kheru Bloodsucker,Khans of Tarkir,75,Near Mint,English,,,,,,,,
1,0,Kin-Tree Invocation,Khans of Tarkir,183,Near Mint,English,,,,,,,,
1,0,Kindled Fury,Dragons of Tarkir,142,Near Mint,English,,,,,,,,
1,0,Kindly Stranger,Shadows over Innistrad,119,Near Mint,English,,,,,,,,
1,0,Kitesail Scout,Battle for Zendikar,33,Near Mint,English,,,,,,,,
1,0,Knight of Cliffhaven,Duel Decks: Zendikar vs. Eldrazi,5,Near Mint,English,,,,,,,,
1,0,Knight's Pledge,Core Set 2019,19,Near Mint,English,,,,,,,,
2,0,Kozilek's Sentinel,Battle for Zendikar,129,Near Mint,English,,,,,,,,
3,0,Krenko's Command,Duel Decks: Merfolk vs. Goblins,53,Near Mint,English,,,,,,,,
1,0,"Krenko, Mob Boss",Duel Decks: Merfolk vs. Goblins,52,Near Mint,English,,,,,,,,
1,0,Krosan Tusker,Duel Decks: Elves vs. Inventors,14,Near Mint,English,,,,,,,,
1,0,Kujar Seedsculptor,Duel Decks: Elves vs. Inventors,15,Near Mint,English,,,,,,,,
1,0,Lambholt Pacifist,Shadows over Innistrad,215,Near Mint,English,,,,,,,,
3,0,Lamplighter of Selhoff,Shadows over Innistrad,72,Near Mint,English,,,,,,,,
1,0,Lead the Stampede,Duel Decks: Elves vs. Inventors,16,Near Mint,English,,,,,,,,
2,0,Leaf Gilder,Duel Decks: Elves vs. Inventors,17,Near Mint,English,,,,,,,,
1,0,Leaf Gilder,Magic Origins,184,Near Mint,English,,,,,,,,
1,0,Lightning Axe,Shadows over Innistrad,170,Near Mint,English,,,,,,,,
1,0,Liliana's Indignation,Shadows over Innistrad,120,Near Mint,English,,,,,,,,
2,0,Llanowar Elves,Dominaria,168,Near Mint,English,,,,,,,,
1,0,Llanowar Empath,Duel Decks: Elves vs. Inventors,18,Near Mint,English,,,,,,,,
4,0,Loam Dryad,Shadows over Innistrad,216,Near Mint,English,,,,,,,,
2,0,Lonely Sandbar,Duel Decks: Merfolk vs. Goblins,27,Near Mint,English,,,,,,,,
2,0,Looming Spires,Battle for Zendikar,238,Near Mint,English,,,,,,,,
1,0,Lotus-Eye Mystics,Fate Reforged,17,Near Mint,English,,,,,,,,
2,0,Loxodon Line Breaker,Core Set 2019,24,Near Mint,English,,,,,,,,
1,0,Luminous Bonds,Core Set 2019,25,Near Mint,English,,,,,,,,
2,0,Macabre Waltz,Shadows over Innistrad,121,Near Mint,English,,,,,,,,
4,0,Magmatic Chasm,Shadows over Innistrad,172,Near Mint,English,,,,,,,,
1,0,Magmaw,Duel Decks: Zendikar vs. Eldrazi,62,Near Mint,English,,,,,,,,
1,0,Magnifying Glass,Shadows over Innistrad,258,Near Mint,English,,,,,,,,
1,0,Mahamoti Djinn,Magic Origins,278,Near Mint,English,,,,,,,,
1,0,Makindi Griffin,Duel Decks: Zendikar vs. Eldrazi,6,Near Mint,English,,,,,,,,
1,0,Malevolent Whispers,Shadows over Innistrad,173,Near Mint,English,,,,,,,,
1,0,Manic Scribe,Shadows over Innistrad,73,Near Mint,English,,,,,,,,
1,0,Mardu Runemark,Fate Reforged,107,Near Mint,English,,,,,,,,
1,0,Mardu Scout,Fate Reforged,108,Near Mint,English,,,,,,,,
1,0,Marsh Casualties,Duel Decks: Zendikar vs. Eldrazi,54,Near Mint,English,,,,,,,,
1,0,Marsh Hulk,Dragons of Tarkir,109,Near Mint,English,,,,,,,,
1,0,Master of the Pearl Trident,Duel Decks: Merfolk vs. Goblins,9,Near Mint,English,,,,,,,,
1,0,Master of Waves,Duel Decks: Merfolk vs. Goblins,1,Near Mint,English,,,,,,,,
1,0,Maverick Thopterist,Duel Decks: Elves vs. Inventors,50,Near Mint,English,,,,,,,,
3,0,Merciless Resolve,Shadows over Innistrad,123,Near Mint,English,,,,,,,,
1,0,Merfolk Looter,Duel Decks: Merfolk vs. Goblins,10,Near Mint,English,,,,,,,,
1,0,Merfolk Sovereign,Duel Decks: Merfolk vs. Goblins,11,Near Mint,English,,,,,,,,
1,0,Merfolk Wayfinder,Duel Decks: Merfolk vs. Goblins,12,Near Mint,English,,,,,,,,
1,0,Merrow Reejerey,Duel Decks: Merfolk vs. Goblins,13,Near Mint,English,,,,,,,,
3,0,Might Beyond Reason,Shadows over Innistrad,217,Near Mint,English,,,,,,,,
1,0,Mighty Leap,Core Set 2019,28,Near Mint,English,,,,,,,,
3,0,Militant Inquisitor,Shadows over Innistrad,26,Near Mint,English,,,,,,,,
2,0,Mind Raker,Battle for Zendikar,95,Near Mint,English,,,,,,,,
1,0,Mind Rot,Magic Origins,281,Near Mint,English,,,,,,,,
1,0,Mind Spring,Duel Decks: Merfolk vs. Goblins,14,Near Mint,English,,,,,,,,
2,0,Mind Stone,Duel Decks: Zendikar vs. Eldrazi,65,Near Mint,English,,,,,,,,
1,0,Misdirection,Duel Decks: Merfolk vs. Goblins,15,Near Mint,English,,,,,,,,
1,0,Mistfire Adept,Fate Reforged,42,Near Mint,English,,,,,,,,
1,0,Mogis's Warhound,Journey into Nyx,104,Near Mint,English,,,,,,,,
3,0,Moldgraf Scavenger,Shadows over Innistrad,218,Near Mint,English,,,,,,,,
2,0,Molten Nursery,Battle for Zendikar,130,Near Mint,English,,,,,,,,
1,0,Moonlight Hunt,Shadows over Innistrad,219,Near Mint,English,foil,,,,,,,
2,0,Moorland Drifter,Shadows over Innistrad,27,Near Mint,English,,,,,,,,
1,0,Morkrut Necropod,Shadows over Innistrad,125,Near Mint,English,,,,,,,,
100,0,Mountain,Dominaria,262,Near Mint,English,,,,,,,,
1,0,Murasa Ranger,Battle for Zendikar,178,Near Mint,English,,,,,,,,
3,0,Murderous Compulsion,Shadows over Innistrad,126,Near Mint,English,,,,,,,,
2,0,Mycosynth Wellspring,Duel Decks: Elves vs. Inventors,56,Near Mint,English,,,,,,,,
1,0,Myr Battlesphere,Duel Decks: Elves vs. Inventors,57,Near Mint,English,,,,,,,,
1,0,Myr Sire,Duel Decks: Elves vs. Inventors,58,Near Mint,English,,,,,,,,
3,0,Nagging Thoughts,Shadows over Innistrad,74,Near Mint,English,,,,,,,,
1,0,Nahiri's Machinations,Shadows over Innistrad,28,Near Mint,English,,,,,,,,
1,0,Naturalize,Khans of Tarkir,142,Near Mint,English,,,,,,,,
1,0,Naturalize,Core Set 2019,190,Near Mint,English,,,,,,,,
2,0,Nature's Way,Duel Decks: Elves vs. Inventors,20,Near Mint,English,,,,,,,,
2,0,Nearheath Chaplain,Shadows over Innistrad,29,Near Mint,English,,,,,,,,
1,0,Negate,Dragons of Tarkir,65,Near Mint,English,,,,,,,,
2,0,Neglected Heirloom,Shadows over Innistrad,260,Near Mint,English,,,,,,,,
1,0,Nephalia Moondrakes,Shadows over Innistrad,75,Near Mint,English,,,,,,,,
3,0,Nettle Drone,Battle for Zendikar,131,Near Mint,English,,,,,,,,
1,0,Neurok Replica,Duel Decks: Elves vs. Inventors,59,Near Mint,English,,,,,,,,
1,0,Nightmare,Magic Origins,282,Near Mint,English,,,,,,,,
2,0,Nissa's Judgment,Duel Decks: Elves vs. Inventors,21,Near Mint,English,,,,,,,,
1,0,Nissa's Pilgrimage,Magic Origins,190,Near Mint,English,,,,,,,,
1,0,Nivix Barrier,Magic Origins,66,Near Mint,English,,,,,,,,
1,0,Not Forgotten,Shadows over Innistrad,30,Near Mint,English,,,,,,,,
1,0,Oakenform,Core Set 2019,191,Near Mint,English,,,,,,,,
1,0,Oblivion Sower,Duel Decks: Zendikar vs. Eldrazi,41,Near Mint,English,,,,,,,,
2,0,Obsessive Skinner,Shadows over Innistrad,220,Near Mint,English,foil,,,,,,,
1,0,Ojutai's Breath,Dragons of Tarkir,67,Near Mint,English,,,,,,,,
1,0,Olivia's Bloodsworn,Shadows over Innistrad,127,Near Mint,English,,,,,,,,
1,0,"Olivia, Mobilized for War",Shadows over Innistrad,248,Near Mint,English,,,,,,,,
1,0,Ondu Giant,Duel Decks: Zendikar vs. Eldrazi,19,Near Mint,English,,,,,,,,
2,0,Open the Armory,Shadows over Innistrad,32,Near Mint,English,,,,,,,,
1,0,Oracle of Dust,Battle for Zendikar,63,Near Mint,English,,,,,,,,
1,0,"Oran-Rief, the Vastwood",Duel Decks: Elves vs. Inventors,28,Near Mint,English,,,,,,,,
1,0,Orchard Spirit,Magic Origins,192,Near Mint,English,,,,,,,,
1,0,Oreskos Swiftclaw,Core Set 2019,31,Near Mint,English,,,,,,,,
4,0,Orzhov Guildgate,Commander 2017,269,Near Mint,English,,,,,,,,
1,0,Oust,Duel Decks: Zendikar vs. Eldrazi,7,Near Mint,English,,,,,,,,
2,0,Pacifism,Dragons of Tarkir,29,Near Mint,English,,,,,,,,
2,0,Pack Guardian,Shadows over Innistrad,221,Near Mint,English,foil,,,,,,,
1,0,Pale Rider of Trostad,Shadows over Innistrad,128,Near Mint,English,,,,,,,,
1,0,Paranoid Parish-Blade,Shadows over Innistrad,33,Near Mint,English,,,,,,,,
1,0,Pawn of Ulamog,Duel Decks: Zendikar vs. Eldrazi,55,Near Mint,English,,,,,,,,
1,0,Pegasus Courser,Dominaria,29,Near Mint,English,,,,,,,,
1,0,Pensive Minotaur,Journey into Nyx,105,Near Mint,English,,,,,,,,
1,0,Pheres-Band Thunderhoof,Journey into Nyx,134,Near Mint,English,,,,,,,,
1,0,Phyrexia's Core,Commander Anthology Volume II,261,Near Mint,English,,,,,,,,
2,0,Pia and Kiran Nalaar,Duel Decks: Elves vs. Inventors,47,Near Mint,English,,,,,,,,
1,0,Pick the Brain,Shadows over Innistrad,129,Near Mint,English,,,,,,,,
4,0,Pieces of the Puzzle,Shadows over Innistrad,78,Near Mint,English,,,,,,,,
1,0,Pilgrim's Eye,Battle for Zendikar,226,Near Mint,English,,,,,,,,
2,0,Pious Evangel,Shadows over Innistrad,34,Near Mint,English,,,,,,,,
100,0,Plains,Dominaria,252,Near Mint,English,,,,,,,,
1,0,Planar Outburst,Battle for Zendikar,42,Near Mint,English,,,,,,,,
1,0,Plummet,Magic Origins,286,Near Mint,English,,,,,,,,
1,0,Plummet,Core Set 2019,193,Near Mint,English,,,,,,,,
1,0,Pore Over the Pages,Shadows over Innistrad,79,Near Mint,English,,,,,,,,
3,0,Press for Answers,Shadows over Innistrad,80,Near Mint,English,,,,,,,,
1,0,Prickleboar,Magic Origins,158,Near Mint,English,,,,,,,,
1,0,Primal Command,Duel Decks: Zendikar vs. Eldrazi,20,Near Mint,English,,,,,,,,
1,0,Prized Unicorn,Magic Origins,287,Near Mint,English,,,,,,,,
2,0,Processor Assault,Battle for Zendikar,132,Near Mint,English,,,,,,,,
3,0,Puncturing Light,Shadows over Innistrad,35,Near Mint,English,,,,,,,,
3,0,Pyre Hound,Shadows over Innistrad,174,Near Mint,English,,,,,,,,
1,0,Pyrite Spellbomb,Duel Decks: Elves vs. Inventors,60,Near Mint,English,,,,,,,,
1,0,Pyrotechnics,Fate Reforged,111,Near Mint,English,,,,,,,,
1,0,Qal Sisma Behemoth,Dragons of Tarkir,149,Near Mint,English,,,,,,,,
2,0,Quilled Wolf,Shadows over Innistrad,222,Near Mint,English,,,,,,,,
1,0,Rabid Bite,Shadows over Innistrad,223,Near Mint,English,foil,,,,,,,
2,0,Rabid Bite,Shadows over Innistrad,223,Near Mint,English,,,,,,,,
1,0,Rabid Bite,Core Set 2019,195,Near Mint,English,,,,,,,,
4,0,Rakdos Guildgate,Commander 2017,271,Near Mint,English,,,,,,,,
1,0,Rancid Rats,Shadows over Innistrad,130,Near Mint,English,,,,,,,,
1,0,Ravenous Bloodseeker,Shadows over Innistrad,175,Near Mint,English,,,,,,,,
1,0,Reach of Shadows,Fate Reforged,81,Near Mint,English,,,,,,,,
2,0,Read the Bones,Duel Decks: Zendikar vs. Eldrazi,56,Near Mint,English,,,,,,,,
1,0,Reaper of Flight Moonsilver,Shadows over Innistrad,36,Near Mint,English,,,,,,,,
1,0,Reave Soul,Magic Origins,115,Near Mint,English,,,,,,,,
1,0,Reckless Cohort,Battle for Zendikar,152,Near Mint,English,,,,,,,,
1,0,Reckless Scholar,Shadows over Innistrad,82,Near Mint,English,,,,,,,,
1,0,Reclaiming Vines,Battle for Zendikar,185,Near Mint,English,,,,,,,,
1,0,Reclusive Artificer,Duel Decks: Elves vs. Inventors,51,Near Mint,English,,,,,,,,
2,0,Reduce to Ashes,Shadows over Innistrad,176,Near Mint,English,,,,,,,,
1,0,Regal Force,Duel Decks: Elves vs. Inventors,22,Near Mint,English,,,,,,,,
1,0,Relentless Assault,Duel Decks: Merfolk vs. Goblins,54,Near Mint,English,,,,,,,,
1,0,Repel the Darkness,Duel Decks: Zendikar vs. Eldrazi,8,Near Mint,English,,,,,,,,
1,0,Retreat to Emeria,Battle for Zendikar,44,Near Mint,English,,,,,,,,
1,0,Retreat to Kazandu,Duel Decks: Zendikar vs. Eldrazi,21,Near Mint,English,,,,,,,,
1,0,Revitalize,Core Set 2019,35,Near Mint,English,,,,,,,,
1,0,Riddlesmith,Duel Decks: Elves vs. Inventors,39,Near Mint,English,,,,,,,,
1,0,Ringwarden Owl,Magic Origins,68,Near Mint,English,,,,,,,,
1,0,Rise of Eagles,Journey into Nyx,49,Near Mint,English,,,,,,,,
1,0,Rogue's Passage,Magic Origins,250,Near Mint,English,,,,,,,,
1,0,Root Out,Shadows over Innistrad,224,Near Mint,English,foil,,,,,,,
3,0,Root Out,Shadows over Innistrad,224,Near Mint,English,,,,,,,,
2,0,Rootwater Hunter,Duel Decks: Merfolk vs. Goblins,16,Near Mint,English,,,,,,,,
1,0,Rotted Hulk,Journey into Nyx,81,Near Mint,English,,,,,,,,
3,0,Rottenheart Ghoul,Shadows over Innistrad,132,Near Mint,English,,,,,,,,
1,0,Rotting Mastodon,Khans of Tarkir,87,Near Mint,English,,,,,,,,
1,0,Rouse the Mob,Journey into Nyx,109,Near Mint,English,,,,,,,,
4,0,Rugged Highlands,Duel Decks: Mind vs. Might,59,Near Mint,English,,,,,,,,
1,0,Runaway Carriage,Shadows over Innistrad,261,Near Mint,English,,,,,,,,
2,0,Runed Servitor,Duel Decks: Zendikar vs. Eldrazi,66,Near Mint,English,,,,,,,,
3,0,Rush of Adrenaline,Shadows over Innistrad,177,Near Mint,English,,,,,,,,
1,0,Rustwing Falcon,Core Set 2019,36,Near Mint,English,,,,,,,,
1,0,Sabertooth Outrider,Dragons of Tarkir,152,Near Mint,English,,,,,,,,
2,0,Sage of Ancient Lore,Shadows over Innistrad,225,Near Mint,English,,,,,,,,
1,0,Sage's Reverie,Fate Reforged,23,Near Mint,English,,,,,,,,
1,0,Sanctum of Ugin,Battle for Zendikar,242,Near Mint,English,,,,,,,,
1,0,Sandblast,Fate Reforged,24,Near Mint,English,,,,,,,,
3,0,Sanguinary Mage,Shadows over Innistrad,178,Near Mint,English,,,,,,,,
4,0,Sanitarium Skeleton,Shadows over Innistrad,133,Near Mint,English,,,,,,,,
1,0,Savage Punch,Khans of Tarkir,147,Near Mint,English,,,,,,,,
2,0,Scroll Thief,Duel Decks: Merfolk vs. Goblins,17,Near Mint,English,,,,,,,,
1,0,Scute Mob,Duel Decks: Zendikar vs. Eldrazi,22,Near Mint,English,,,,,,,,
1,0,Scuttling Doom Engine,Duel Decks: Elves vs. Inventors,61,Near Mint,English,,,,,,,,
4,0,Seagraf Skaab,Shadows over Innistrad,84,Near Mint,English,,,,,,,,
1,0,Seat of the Synod,Duel Decks: Elves vs. Inventors,69,Near Mint,English,,,,,,,,
1,0,Second Harvest,Shadows over Innistrad,227,Near Mint,English,,,,,,,,
1,0,Seer's Sundial,Duel Decks: Zendikar vs. Eldrazi,29,Near Mint,English,,,,,,,,
4,0,Selesnya Guildgate,Commander 2017,279,Near Mint,English,,,,,,,,
1,0,Sengir Vampire,Magic Origins,283,Near Mint,English,,,,,,,,
3,0,Senseless Rage,Shadows over Innistrad,180,Near Mint,English,,,,,,,,
1,0,Serpentine Spike,Battle for Zendikar,133,Near Mint,English,,,,,,,,
1,0,Serra Angel,Magic Origins,276,Near Mint,English,,,,,,,,
1,0,Serra's Guardian,Core Set 2019,284,Near Mint,English,,,,,,,,
1,0,Shadow Glider,Battle for Zendikar,47,Near Mint,English,,,,,,,,
2,0,Shamble Back,Shadows over Innistrad,134,Near Mint,English,,,,,,,,
3,0,Shard of Broken Glass,Shadows over Innistrad,262,Near Mint,English,,,,,,,,
2,0,Sheer Drop,Duel Decks: Zendikar vs. Eldrazi,9,Near Mint,English,,,,,,,,
1,0,Shieldhide Dragon,Dragons of Tarkir,37,Near Mint,English,,,,,,,,
1,0,Shivan Dragon,Magic Origins,285,Near Mint,English,,,,,,,,
1,0,Shivan Reef,Duel Decks: Elves vs. Inventors,70,Near Mint,English,,,,,,,,
1,0,Shrapnel Blast,Duel Decks: Elves vs. Inventors,48,Near Mint,English,,,,,,,,
1,0,Sight Beyond Sight,Dragons of Tarkir,75,Near Mint,English,,,,,,,,
1,0,Sight of the Scalelords,Dragons of Tarkir,207,Near Mint,English,,,,,,,,
4,0,Silburlind Snapper,Shadows over Innistrad,85,Near Mint,English,,,,,,,,
1,0,Silent Observer,Shadows over Innistrad,86,Near Mint,English,,,,,,,,
1,0,Silent Skimmer,Battle for Zendikar,96,Near Mint,English,,,,,,,,
1,0,Silkwrap,Dragons of Tarkir,38,Near Mint,English,,,,,,,,
1,0,Silverbeak Griffin,Core Set 2019,285,Near Mint,English,,,,,,,,
4,0,Simic Guildgate,Modern Masters 2017 Edition,248,Near Mint,English,,,,,,,,
1,0,Sin Prodder,Shadows over Innistrad,181,Near Mint,English,,,,,,,,
1,0,Singing Bell Strike,Khans of Tarkir,55,Near Mint,English,,,,,,,,
1,0,Sinister Concoction,Shadows over Innistrad,135,Near Mint,English,,,,,,,,
2,0,Skeleton Key,Shadows over Innistrad,263,Near Mint,English,,,,,,,,
1,0,Skin Invasion,Shadows over Innistrad,182,Near Mint,English,,,,,,,,
1,0,Slayer's Plate,Shadows over Innistrad,264,Near Mint,English,,,,,,,,
1,0,Sleep Paralysis,Shadows over Innistrad,87,Near Mint,English,,,,,,,,
2,0,Sludge Crawler,Battle for Zendikar,98,Near Mint,English,,,,,,,,
1,0,Smash to Smithereens,Magic Origins,163,Near Mint,English,,,,,,,,
1,0,Smother,Duel Decks: Zendikar vs. Eldrazi,57,Near Mint,English,,,,,,,,
1,0,Solemn Simulacrum,Duel Decks: Elves vs. Inventors,62,Near Mint,English,,,,,,,,
1,0,Solitary Hunter,Shadows over Innistrad,229,Near Mint,English,foil,,,,,,,
1,0,Solitary Hunter,Shadows over Innistrad,229,Near Mint,English,,,,,,,,
1,0,Somberwald Alpha,Magic Origins,198,Near Mint,English,,,,,,,,
1,0,"Sorin, Grim Nemesis",Shadows over Innistrad,251,Near Mint,English,,,,,,,,
1,0,Soulflayer,Fate Reforged,84,Near Mint,English,,,,,,,,
2,0,Spectral Shepherd,Shadows over Innistrad,38,Near Mint,English,,,,,,,,
2,0,Spidersilk Net,Dragons of Tarkir,244,Near Mint,English,,,,,,,,
1,0,Spiteful Motives,Shadows over Innistrad,183,Near Mint,English,,,,,,,,
3,0,Stallion of Ashmouth,Shadows over Innistrad,136,Near Mint,English,,,,,,,,
1,0,Stampeding Elk Herd,Dragons of Tarkir,208,Near Mint,English,,,,,,,,
1,0,Star-Crowned Stag,Core Set 2019,38,Near Mint,English,,,,,,,,
1,0,Stasis Snare,Battle for Zendikar,50,Near Mint,English,,,,,,,,
1,0,Stensia Masquerade,Shadows over Innistrad,184,Near Mint,English,,,,,,,,
3,0,Stern Constable,Shadows over Innistrad,39,Near Mint,English,,,,,,,,
1,0,Stirring Wildwood,Duel Decks: Zendikar vs. Eldrazi,33,Near Mint,English,,,,,,,,
2,0,Stitched Mangler,Shadows over Innistrad,89,Near Mint,English,,,,,,,,
2,0,Stitchwing Skaab,Shadows over Innistrad,90,Near Mint,English,,,,,,,,
3,0,Stoic Builder,Shadows over Innistrad,231,Near Mint,English,foil,,,,,,,
1,0,Stone Quarry,Shadows over Innistrad,279,Near Mint,English,,,,,,,,
1,0,Stonefury,Battle for Zendikar,156,Near Mint,English,,,,,,,,
1,0,Stonewise Fortifier,Journey into Nyx,27,Near Mint,English,,,,,,,,
1,0,Stonework Puma,Duel Decks: Zendikar vs. Eldrazi,30,Near Mint,English,,,,,,,,
3,0,Stormrider Spirit,Shadows over Innistrad,91,Near Mint,English,,,,,,,,
3,0,Streambed Aquitects,Duel Decks: Merfolk vs. Goblins,18,Near Mint,English,,,,,,,,
2,0,Strength of Arms,Shadows over Innistrad,40,Near Mint,English,,,,,,,,
3,0,Stromkirk Mentor,Shadows over Innistrad,137,Near Mint,English,,,,,,,,
1,0,Strongarm Monk,Dragons of Tarkir,39,Near Mint,English,,,,,,,,
3,0,Structural Distortion,Shadows over Innistrad,185,Near Mint,English,,,,,,,,
1,0,Student of Ojutai,Dragons of Tarkir,40,Near Mint,English,,,,,,,,
1,0,Sultai Flayer,Khans of Tarkir,152,Near Mint,English,,,,,,,,
1,0,Sultai Runemark,Fate Reforged,86,Near Mint,English,,,,,,,,
1,0,Sultai Skullkeeper,Fate Reforged,53,Near Mint,English,,,,,,,,
1,0,Summit Prowler,Dragons of Tarkir,160,Near Mint,English,,,,,,,,
1,0,Sun Sentinel,Core Set 2019,307,Near Mint,English,,,,,,,,
4,0,Survive the Night,Shadows over Innistrad,41,Near Mint,English,,,,,,,,
1,0,Suspension Field,Khans of Tarkir,25,Near Mint,English,,,,,,,,
100,0,Swamp,Dominaria,259,Near Mint,English,,,,,,,,
2,0,Swarm Surge,Battle for Zendikar,100,Near Mint,English,,,,,,,,
1,0,Sword of the Animist,Magic Origins,240,Near Mint,English,,,,,,,,
1,0,Sylvan Advocate,Duel Decks: Elves vs. Inventors,23,Near Mint,English,,,,,,,,
1,0,Tajuru Archer,Duel Decks: Zendikar vs. Eldrazi,23,Near Mint,English,,,,,,,,
1,0,Tajuru Stalwart,Battle for Zendikar,194,Near Mint,English,,,,,,,,
1,0,Take Vengeance,Core Set 2019,40,Near Mint,English,,,,,,,,
1,0,Talara's Battalion,Duel Decks: Elves vs. Inventors,24,Near Mint,English,,,,,,,,
2,0,Tamiyo's Journal,Shadows over Innistrad,265,Near Mint,English,,,,,,,,
2,0,Tarfire,Duel Decks: Merfolk vs. Goblins,55,Near Mint,English,,,,,,,,
1,0,Temple of Epiphany,Duel Decks: Elves vs. Inventors,72,Near Mint,English,,,,,,,,
1,0,Tenacity,Shadows over Innistrad,42,Near Mint,English,,,,,,,,
1,0,Terra Stomper,Magic Origins,288,Near Mint,English,,,,,,,,
2,0,Territorial Baloth,Duel Decks: Zendikar vs. Eldrazi,24,Near Mint,English,,,,,,,,
1,0,Territorial Roc,Dragons of Tarkir,43,Near Mint,English,,,,,,,,
1,0,Thalia's Lieutenant,Shadows over Innistrad,43,Near Mint,English,,,,,,,,
1,0,The Gitrog Monster,Shadows over Innistrad,245,Near Mint,English,,,,,,,,
1,0,Thing in the Ice,Shadows over Innistrad,92,Near Mint,English,,,,,,,,
1,0,Thopter Assembly,Duel Decks: Elves vs. Inventors,63,Near Mint,English,,,,,,,,
2,0,Thornhide Wolves,Shadows over Innistrad,232,Near Mint,English,foil,,,,,,,
1,0,Thornhide Wolves,Core Set 2019,204,Near Mint,English,,,,,,,,
1,0,Thraben Gargoyle,Shadows over Innistrad,266,Near Mint,English,,,,,,,,
3,0,Thraben Inspector,Shadows over Innistrad,44,Near Mint,English,,,,,,,,
2,0,Throttle,Shadows over Innistrad,138,Near Mint,English,,,,,,,,
2,0,Tidal Courier,Duel Decks: Merfolk vs. Goblins,19,Near Mint,English,,,,,,,,
2,0,Tidal Warrior,Duel Decks: Merfolk vs. Goblins,20,Near Mint,English,,,,,,,,
1,0,Tidebinder Mage,Duel Decks: Merfolk vs. Goblins,22,Near Mint,English,,,,,,,,
2,0,Titanic Growth,Magic Origins,201,Near Mint,English,,,,,,,,
2,0,Titanic Growth,Core Set 2019,205,Near Mint,English,,,,,,,,
2,0,Tooth Collector,Shadows over Innistrad,140,Near Mint,English,,,,,,,,
1,0,Topan Freeblade,Magic Origins,36,Near Mint,English,,,,,,,,
1,0,Topplegeist,Shadows over Innistrad,45,Near Mint,English,,,,,,,,
1,0,Torch Slinger,Duel Decks: Zendikar vs. Eldrazi,63,Near Mint,English,,,,,,,,
1,0,Tormenting Voice,Dragons of Tarkir,163,Near Mint,English,,,,,,,,
3,0,Tormenting Voice,Shadows over Innistrad,186,Near Mint,English,,,,,,,,
1,0,Totem-Guide Hartebeest,Magic Origins,37,Near Mint,English,,,,,,,,
2,0,Touch of the Void,Battle for Zendikar,134,Near Mint,English,,,,,,,,
1,0,Town Gossipmonger,Shadows over Innistrad,46,Near Mint,English,,,,,,,,
1,0,Trail of Evidence,Shadows over Innistrad,93,Near Mint,English,,,,,,,,
2,0,Tranquil Thicket,Commander Anthology Volume II,274,Near Mint,English,,,,,,,,
2,0,Transgress the Mind,Battle for Zendikar,101,Near Mint,English,,,,,,,,
1,0,Treasure Mage,Duel Decks: Elves vs. Inventors,40,Near Mint,English,,,,,,,,
2,0,Treetop Village,Duel Decks: Elves vs. Inventors,30,Near Mint,English,,,,,,,,
1,0,Trinket Mage,Duel Decks: Elves vs. Inventors,41,Near Mint,English,,,,,,,,
1,0,Triton Tactics,Duel Decks: Merfolk vs. Goblins,23,Near Mint,English,,,,,,,,
1,0,Trophy Mage,Duel Decks: Elves vs. Inventors,42,Near Mint,English,,,,,,,,
3,0,True-Faith Censer,Shadows over Innistrad,267,Near Mint,English,,,,,,,,
1,0,Trumpet Blast,Khans of Tarkir,124,Near Mint,English,,,,,,,,
1,0,Turntimber Basilisk,Duel Decks: Zendikar vs. Eldrazi,25,Near Mint,English,,,,,,,,
2,0,Turntimber Grove,Duel Decks: Zendikar vs. Eldrazi,34,Near Mint,English,,,,,,,,
1,0,Twin Bolt,Dragons of Tarkir,164,Near Mint,English,,,,,,,,
3,0,Twins of Maurer Estate,Shadows over Innistrad,142,Near Mint,English,,,,,,,,
1,0,Typhoid Rats,Fate Reforged,89,Near Mint,English,,,,,,,,
1,0,Ulamog's Crusher,Duel Decks: Zendikar vs. Eldrazi,44,Near Mint,English,,,,,,,,
1,0,Ultimate Price,Dragons of Tarkir,124,Near Mint,English,,,,,,,,
5,0,Uncaged Fury,Shadows over Innistrad,188,Near Mint,English,,,,,,,,
1,0,Underworld Coinsmith,Journey into Nyx,157,Near Mint,English,,,,,,,,
1,0,Uninvited Geist,Shadows over Innistrad,94,Near Mint,English,,,,,,,,
1,0,Unnatural Aggression,Battle for Zendikar,168,Near Mint,English,,,,,,,,
3,0,Unruly Mob,Shadows over Innistrad,47,Near Mint,English,,,,,,,,
1,0,Ursine Champion,Core Set 2019,304,Near Mint,English,,,,,,,,
1,0,Vampire Nighthawk,Duel Decks: Zendikar vs. Eldrazi,58,Near Mint,English,,,,,,,,
3,0,Vampire Noble,Shadows over Innistrad,143,Near Mint,English,,,,,,,,
4,0,Vessel of Ephemera,Shadows over Innistrad,48,Near Mint,English,,,,,,,,
4,0,Vessel of Malignity,Shadows over Innistrad,144,Near Mint,English,,,,,,,,
1,0,Vessel of Nascency,Shadows over Innistrad,237,Near Mint,English,foil,,,,,,,
2,0,Vessel of Nascency,Shadows over Innistrad,237,Near Mint,English,,,,,,,,
3,0,Vessel of Paramnesia,Shadows over Innistrad,95,Near Mint,English,,,,,,,,
3,0,Vessel of Volatility,Shadows over Innistrad,189,Near Mint,English,,,,,,,,
3,0,Vestige of Emrakul,Battle for Zendikar,136,Near Mint,English,,,,,,,,
1,0,Veteran Cathar,Shadows over Innistrad,238,Near Mint,English,foil,,,,,,,
1,0,Veteran Warleader,Duel Decks: Zendikar vs. Eldrazi,27,Near Mint,English,,,,,,,,
2,0,Vile Aggregate,Battle for Zendikar,137,Near Mint,English,,,,,,,,
1,0,Village Messenger,Shadows over Innistrad,190,Near Mint,English,,,,,,,,
1,0,Viridian Shaman,Duel Decks: Elves vs. Inventors,25,Near Mint,English,,,,,,,,
1,0,Void Squall,Dragons of Tarkir,83,Near Mint,English,,,,,,,,
1,0,Volcanic Upheaval,Battle for Zendikar,161,Near Mint,English,,,,,,,,
2,0,Voldaren Duelist,Shadows over Innistrad,191,Near Mint,English,,,,,,,,
1,0,Voyager Staff,Duel Decks: Elves vs. Inventors,64,Near Mint,English,,,,,,,,
1,0,Vulturous Aven,Dragons of Tarkir,126,Near Mint,English,,,,,,,,
1,0,Wake Thrasher,Duel Decks: Merfolk vs. Goblins,24,Near Mint,English,,,,,,,,
1,0,Wall of Vines,Core Set 2019,210,Near Mint,English,,,,,,,,
2,0,Warped Landscape,Shadows over Innistrad,280,Near Mint,English,,,,,,,,
1,0,Warren Instigator,Duel Decks: Merfolk vs. Goblins,32,Near Mint,English,,,,,,,,
1,0,Watcher in the Web,Shadows over Innistrad,239,Near Mint,English,foil,,,,,,,
2,0,Watcher in the Web,Shadows over Innistrad,239,Near Mint,English,,,,,,,,
1,0,Weave Fate,Khans of Tarkir,61,Near Mint,English,,,,,,,,
1,0,Weave Fate,Magic Origins,279,Near Mint,English,,,,,,,,
2,0,Welcome to the Fold,Shadows over Innistrad,96,Near Mint,English,,,,,,,,
1,0,Welding Sparks,Duel Decks: Elves vs. Inventors,49,Near Mint,English,,,,,,,,
1,0,Whirler Rogue,Duel Decks: Elves vs. Inventors,43,Near Mint,English,,,,,,,,
3,0,Whisperer of the Wilds,Fate Reforged,144,Near Mint,English,,,,,,,,
3,0,Wicker Witch,Shadows over Innistrad,268,Near Mint,English,,,,,,,,
1,0,Wild Slash,Fate Reforged,118,Near Mint,English,,,,,,,,
1,0,Wild-Field Scarecrow,Shadows over Innistrad,269,Near Mint,English,,,,,,,,
1,0,Wildheart Invoker,Duel Decks: Zendikar vs. Eldrazi,26,Near Mint,English,,,,,,,,
1,0,Wildheart Invoker,Duel Decks: Elves vs. Inventors,26,Near Mint,English,,,,,,,,
1,0,Write into Being,Fate Reforged,59,Near Mint,English,,,,,,,,
1,0,"Yeva, Nature's Herald",Duel Decks: Elves vs. Inventors,27,Near Mint,English,,,,,,,,
1,0,Zendikar Incarnate,Magic Origins,219,Near Mint,English,,,,,,,,




